{"otherData": {},"traceEvents":[{"cat":"function","dur":737797,"name":"selectAnimals","ph":"X","pid":0,"tid":607367087,"ts":335636431494},{"cat":"function","dur":571076,"name":"groupAnimalsCustom","ph":"X","pid":0,"tid":607367087,"ts":335637169457},{"cat":"function","dur":5017884,"name":"groupAnimalsRegex","ph":"X","pid":0,"tid":607367087,"ts":335637791167},{"cat":"function","dur":773215,"name":"analyzeAnimalBirthdayCustom","ph":"X","pid":0,"tid":607367087,"ts":335642854656},{"cat":"function","dur":1433500,"name":"analyzeAnimalBirthdayRegex","ph":"X","pid":0,"tid":607367087,"ts":335643627924},{"cat":"function","dur":40506,"name":"analyzeAnimalSexCustom","ph":"X","pid":0,"tid":607367087,"ts":335645061476},{"cat":"function","dur":1589848,"name":"analyzeAnimalSexRegex","ph":"X","pid":0,"tid":607367087,"ts":335645102071}]}